,Name,Price,Product Link,Image
0,Max,559,https://www.amazon.in/Max-Mens-Solid-T-Shirt-SP20CNTRI01_Multicolor_XL/dp/B08353WQBT?dchild=1,https://m.media-amazon.com/images/I/81nqtPBlV8L._AC_UL320_.jpg
1,Max,382,https://www.amazon.in/Max-Mens-Solid-Slim-AMPSP2001HSYGREEN_Green/dp/B08353RFB8?dchild=1,https://m.media-amazon.com/images/I/81DBzxLgzjL._AC_UL320_.jpg
2,Jockey,469,https://www.amazon.in/Jockey-Regular-T-Shirt-2715-105_Navy-Green_Large/dp/B01LASV324?dchild=1,https://m.media-amazon.com/images/I/71bH-FKqSmL._AC_UL320_.jpg
3,US Polo Association,839,https://www.amazon.in/US-Polo-Association-Regular-USTS5782_USPA/dp/B077Y4ZKS8?dchild=1,https://m.media-amazon.com/images/I/81LGkFoaeeL._AC_UL320_.jpg
4,KIPA,60,https://www.amazon.in/KIPA-Invisible-Round-Neck-T-Shirt/dp/B0899HDH2S?dchild=1,https://m.media-amazon.com/images/I/51O+1V5feOL._AC_UL320_.jpg
5,Mascot,799,https://www.amazon.in/MASCOT-T-Shirts-Creations-Large-Multicolour/dp/B073MKNJCR?dchild=1,https://m.media-amazon.com/images/I/61trjq5idML._AC_UL320_.jpg
6,Van Heusen Athleisure,459,https://www.amazon.in/Van-Heusen-T-Shirt-8907670964477_60001_Blue-Melange_L/dp/B073WC56W7?dchild=1,https://m.media-amazon.com/images/I/816oB6fba5L._AC_UL320_.jpg
7,Katso,299,https://www.amazon.in/Katso-Cotton-Hooded-T-Shirt-Katso-Hood-Full-Black-M/dp/B01HQ4O058?dchild=1,https://m.media-amazon.com/images/I/71SOM8sevLL._AC_UL320_.jpg
8,Wrath,429,https://www.amazon.in/Wrath-Daredevil-T-Shirt-Black-Large/dp/B07RRQKQ1B?dchild=1,https://m.media-amazon.com/images/I/61rsI2I4AiL._AC_UL320_.jpg
9,Amazon Brand - Symbol,449,https://www.amazon.in/Amazon-Brand-Symbol-Striper-AW17MPCSP3_L_Sky/dp/B073X3Y7DG?dchild=1,https://m.media-amazon.com/images/I/81hxztM1LiL._AC_UL320_.jpg
10,AELOMART,489,https://www.amazon.in/AELOMART-Mens-Regular-T-Shirt-AMT1125-L_Olive_Large/dp/B082G3S7GC?dchild=1,https://m.media-amazon.com/images/I/71kIhgERsfL._AC_UL320_.jpg
11,EYEBOGLER,449,https://www.amazon.in/Seven-Rocks-Buttoned-Melange-M-Ntb-Nm_Navy_Melange/dp/B075KJ84KM?dchild=1,https://m.media-amazon.com/images/I/619Y3gwSpXL._AC_UL320_.jpg
12,Peppyzone,399,https://www.amazon.in/Lion-Camouflage-Cotton-T-Shirt-Green_XL-Large/dp/B07455NNTM?dchild=1,https://m.media-amazon.com/images/I/61ow8ecYpHL._AC_UL320_.jpg
13,Chromozome,199,https://www.amazon.in/Chromozome-OS9-Mens-T-Shirt-8902733390354_OS9-Catalineblue-L/dp/B073ZK2JLY?dchild=1,https://m.media-amazon.com/images/I/81724dCTGbL._AC_UL320_.jpg
14,Urban Army,349,https://www.amazon.in/Urban-Army-Regular-T-Shirt-ALpha_LineAveng_Black_Large/dp/B083FXSPVJ?dchild=1,https://m.media-amazon.com/images/I/71m5e+aWJhL._AC_UL320_.jpg
15,EYEBOGLER,449,https://www.amazon.in/Seven-Rocks-Regular-XL-T51-NBIR-Blue-Indigo/dp/B07DMGPDVW?dchild=1,https://m.media-amazon.com/images/I/61IpAurpNXL._AC_UL320_.jpg
16,US Polo Association,"1,399",https://www.amazon.in/US-Polo-Association-Regular-USTS5773_Italian/dp/B077Y79RDN?dchild=1,https://m.media-amazon.com/images/I/81tSTmM4z0L._AC_UL320_.jpg
17,STYLENSE,299,https://www.amazon.in/Veirdo-Mens-Cotton-T-shirt-Large/dp/B07H358SXJ?dchild=1,https://m.media-amazon.com/images/I/71NURtpEwOL._AC_UL320_.jpg
18,KGB,599,https://www.amazon.in/KGB-Shirts-Sleeves-Collar-Pocket/dp/B07X912YHJ?dchild=1,https://m.media-amazon.com/images/I/51EResmdqsL._AC_UL320_.jpg
19,JUGULAR,249,https://www.amazon.in/JUGULAR-Printed-Olive-Green-Large/dp/B07RN75LZ8?dchild=1,https://m.media-amazon.com/images/I/61KPE0-uBPL._AC_UL320_.jpg
20,EYEBOGLER,449,https://www.amazon.in/EYEBOGLER-Regular-T-Shirt-L-T91-KMWM-Melange-Wine/dp/B07RWD834S?dchild=1,https://m.media-amazon.com/images/I/61mlWcgzsYL._AC_UL320_.jpg
21,BULLMER,698,https://www.amazon.in/BULLMER-Halfsleeve-Printed-Cotton-Tshirt/dp/B0892S5QB5?dchild=1,https://m.media-amazon.com/images/I/61WO5U4TOAL._AC_UL320_.jpg
22,KIPA,60,https://www.amazon.in/KIPA-Unisex-Never-T-Shirt-Medium/dp/B088ZYRWNH?dchild=1,https://m.media-amazon.com/images/I/71t5E7H7TsL._AC_UL320_.jpg
23,Veirdo,249,https://www.amazon.in/Veirdo-Mens-Cotton-T-Shirt-White_Medium/dp/B01N595PSO?dchild=1,https://m.media-amazon.com/images/I/710Nz0GBUAL._AC_UL320_.jpg
24,US Polo Association,499,https://www.amazon.in/U-S-Polo-Assn-Regular-I633-179-PL_Olive_Medium/dp/B0793JLK9L?dchild=1,https://m.media-amazon.com/images/I/81nHQejfOjL._AC_UL320_.jpg
25,Seven Rocks,399,https://www.amazon.in/Seven-Rocks-Stylish-Panelled-M-T21-NBWH/dp/B07C7V5GCB?dchild=1,https://m.media-amazon.com/images/I/61g1AkKV2dL._AC_UL320_.jpg
26,US Polo Association,499,https://www.amazon.in/U-S-Polo-Assn-I638-978-PL_Blue-Melange_Large/dp/B0793LFJZP?dchild=1,https://m.media-amazon.com/images/I/81kzjhOHaiL._AC_UL320_.jpg
27,Max,559,https://www.amazon.in/Max-Mens-Solid-T-Shirt-SP20CNTRI01_Multicolor_S/dp/B08353Q499?dchild=1,https://m.media-amazon.com/images/I/81nqtPBlV8L._AC_UL320_.jpg
28,Katso,299,https://www.amazon.in/Katso-Mens-Cotton-Sleeve-Large/dp/B01LW6ONN2?dchild=1,https://m.media-amazon.com/images/I/81DXUJBlGJL._AC_UL320_.jpg
29,Maniac,367,https://www.amazon.in/Maniac-Fullsleeve-Printed-T-Shirt-Charcoal/dp/B07B2VVHNT?dchild=1,https://m.media-amazon.com/images/I/81jkcAeu1jL._AC_UL320_.jpg
30,Wrath,419,https://www.amazon.in/Wrath-Effortless-Triple-Blocked-T-Shirt/dp/B07RNM4SRD?dchild=1,https://m.media-amazon.com/images/I/61CHH37iR8L._AC_UL320_.jpg
31,Veirdo,299,https://www.amazon.in/Veirdo-Cotton-Tshirt-Large-White/dp/B07MXJVN7W?dchild=1,https://m.media-amazon.com/images/I/71+0SFJJFfL._AC_UL320_.jpg
32,US Polo Association,499,https://www.amazon.in/U-S-Polo-Assn-I633-003-PL_Grey-Melange_Medium/dp/B0793NHDYQ?dchild=1,https://m.media-amazon.com/images/I/61M8oKBUTxL._AC_UL320_.jpg
33,Black Collection,579,https://www.amazon.in/Black-Collection-Plain-T-Shirt-BCSA0002_Black_M/dp/B00WQO2DGC?dchild=1,https://m.media-amazon.com/images/I/61cuO5SabwL._AC_UL320_.jpg
34,Maniac,364,https://www.amazon.in/Maniac-%E0%A4%AA%E0%A5%81%E0%A4%B0%E0%A5%81%E0%A4%B7%E0%A5%8B%E0%A4%82-%E0%A4%B8%E0%A5%8D%E0%A4%B2%E0%A5%80%E0%A4%B5-%E0%A4%95%E0%A5%89%E0%A4%9F%E0%A4%A8-%E0%A4%9F%E0%A5%80-%E0%A4%B6%E0%A4%B0%E0%A5%8D%E0%A4%9F/dp/B07B6RLJMJ?dchild=1,https://m.media-amazon.com/images/I/81VoHI-qYYL._AC_UL320_.jpg
35,Maniac,322,https://www.amazon.in/Maniac-Stripes-Fullsleeve-Raglan-T-Shirt/dp/B07MGZ256L?dchild=1,https://m.media-amazon.com/images/I/6148RTfghOL._AC_UL320_.jpg
36,Deniklo,419,https://www.amazon.in/Deniklo-Solid-Regular-DK14-M_Navy-Blue_M/dp/B07T9GHL64?dchild=1,https://m.media-amazon.com/images/I/81GfMQ5fggL._AC_UL320_.jpg
37,Van Heusen,663,https://www.amazon.in/Van-Heusen-Solid-Regular-VSKP517S011421_Cream_Large/dp/B076CKDCJP?dchild=1,https://m.media-amazon.com/images/I/81X3jV2xa3L._AC_UL320_.jpg
38,fanideaz,637,https://www.amazon.in/fanideaz-Mens-Cotton-T-Shirts-GY_XL/dp/B0855CGJY5?dchild=1,https://m.media-amazon.com/images/I/61qRM+JEgQL._AC_UL320_.jpg
39,US Polo Association,499,https://www.amazon.in/U-S-Polo-Assn-Regular-I638-195-PL_Navy_Medium/dp/B0793KC76J?dchild=1,https://m.media-amazon.com/images/I/81qHzf51R6L._AC_UL320_.jpg
40,Veirdo,299,https://www.amazon.in/Veirdo-Cotton-T-Shirt-Casual-Military/dp/B079HRBNCW?dchild=1,https://m.media-amazon.com/images/I/71BmPL0Nk2L._AC_UL320_.jpg
41,Maniac,414,https://www.amazon.in/Maniac-MenS-Cotton-Polo-300034-M_White_Medium/dp/B00YUNGT94?dchild=1,https://m.media-amazon.com/images/I/91X79hWEsAL._AC_UL320_.jpg
42,United Colors of Benetton,549,https://www.amazon.in/United-Colors-Benetton-Regular-19A3C78J3007I_101_L_White_L/dp/B07QG5KKPV?dchild=1,https://m.media-amazon.com/images/I/71lI6j1828L._AC_UL320_.jpg
43,AMERICAN CREW,599,https://www.amazon.in/American-Crew-Mens-AC160-Medium/dp/B00SYP34IS?dchild=1,https://m.media-amazon.com/images/I/71xXfDqiVaL._AC_UL320_.jpg
44,Generic,178,https://www.amazon.in/HVBK-Sleeve-Hooded-T-Shirt-AZ-5-C-M-Blue/dp/B089BVTWCY?dchild=1,https://m.media-amazon.com/images/I/71I2EQQ1q-L._AC_UL320_.jpg
45,Amazon Brand - Symbol,399,https://www.amazon.in/Amazon-Brand-Symbol-Regular-SS18PLK127-B_Multicolor4_XXL/dp/B073X4MJF5?dchild=1,https://m.media-amazon.com/images/I/81qkPUsqIVL._AC_UL320_.jpg
46,EYEBOGLER,449,https://www.amazon.in/EYEBOGLER-Regular-Cotton-T-Shirt-Blue-Orange/dp/B07NVCM697?dchild=1,https://m.media-amazon.com/images/I/61ptYDK-xvL._AC_UL320_.jpg
47,Wear Your Opinion,499,https://www.amazon.in/Wear-Your-Opinion-Camouflage-GreyCamo/dp/B07LGD2959?dchild=1,https://m.media-amazon.com/images/I/714Lkwsi-qL._AC_UL320_.jpg
,Name,Price,Product Link,Image
0,Caseria,335,https://www.amazon.in/Caseria-Cotton-Graphic-Printed-T-Shirt/dp/B07FXF56DW?dchild=1,https://m.media-amazon.com/images/I/61WR83cOEyL._AC_UL320_.jpg
1,BULLMER,698,https://www.amazon.in/BULLMER-Halfsleeve-Printed-Cotton-Tshirt/dp/B0892RLGJK?dchild=1,https://m.media-amazon.com/images/I/71AR-fg00pL._AC_UL320_.jpg
2,US Polo Association,529,https://www.amazon.in/U-S-Polo-Assn-Regular-I638-002-PL_Black_X-Large/dp/B0793HNVXG?dchild=1,https://m.media-amazon.com/images/I/81Z9uIN2FQL._AC_UL320_.jpg
3,Amazon Brand - Symbol,399,https://www.amazon.in/Amazon-Brand-Symbol-T-Shirt-AW17PLPO2V3_S_Multicolor3/dp/B073X2QWXY?dchild=1,https://m.media-amazon.com/images/I/9194ee1ZunL._AC_UL320_.jpg
4,Scott International,499,https://www.amazon.in/Scott-International-Cotton-T-Shirts-Multicolour_XL/dp/B079ZYDL47?dchild=1,https://m.media-amazon.com/images/I/71esfqstYmL._AC_UL320_.jpg
5,AELOMART,449,https://www.amazon.in/AELOMART-%E0%A4%AA%E0%A5%81%E0%A4%B0%E0%A5%81%E0%A4%B7%E0%A5%8B%E0%A4%82-%E0%A4%B6%E0%A4%B0%E0%A5%8D%E0%A4%9F-AMT1279_%E0%A4%B8%E0%A4%AB%E0%A4%BC%E0%A5%87%E0%A4%A6_%E0%A4%AA%E0%A5%88%E0%A4%B0%E0%A5%87%E0%A4%82%E0%A4%9F-%E0%A4%B8%E0%A4%AB%E0%A4%BC%E0%A5%87%E0%A4%A6/dp/B0847Q9ZD4?dchild=1,https://m.media-amazon.com/images/I/71uc3AnMvZL._AC_UL320_.jpg
6,Jockey,799,https://www.amazon.in/Jockey-Mens-Asymmetric-T-Shirt-8901326164754_3912_X-Large_White/dp/B072BGFXZR?dchild=1,https://m.media-amazon.com/images/I/51vmb5mYSoL._AC_UL320_.jpg
7,Amazon Brand - Symbol,499,https://www.amazon.in/Amazon-Brand-Symbol-T-Shirt-AW17PLPO2-4_L_Multicolor4/dp/B073X4K1SZ?dchild=1,https://m.media-amazon.com/images/I/81FS7UapOJL._AC_UL320_.jpg
8,Tee Mafia,499,https://www.amazon.in/Tee-Mafia-Unisex-T-Shirt-Medium/dp/B0867H1H7B?dchild=1,https://m.media-amazon.com/images/I/415jY1M6jwL._AC_UL320_.jpg
9,ABOF,349,https://www.amazon.in/ABOF-Mens-Solid-Slim-BOA19AMCWPO4006219_Navy_M/dp/B07RC57ZZ2?dchild=1,https://m.media-amazon.com/images/I/81r8Xs-5H3L._AC_UL320_.jpg
10,The Souled Store,398,https://www.amazon.in/Souled-Store-Harry-Potter-Hogwarts/dp/B07Q55YKQ6?dchild=1,https://m.media-amazon.com/images/I/51M5YtzgHaL._AC_UL320_.jpg
11,AWG - All Weather Gear,269,https://www.amazon.in/AWG-Weather-Regular-AW19-AWGDFT-DGR-XL_Dark-Grey_X-Large/dp/B083GN5YZ3?dchild=1,https://m.media-amazon.com/images/I/716saNTaoHL._AC_UL320_.jpg
12,GRITSTONES,348,https://www.amazon.in/Gritstones-Steel-Sleeve-Round-GSOMBHSRNCKSGRY_S/dp/B01JGKLG3Y?dchild=1,https://m.media-amazon.com/images/I/617oIP0bqIL._AC_UL320_.jpg
13,Maniac,314,https://www.amazon.in/Maniac-Cotton-T-Shirt-ML-MEN-SS18-STRIPES-THUMB-RING-NAVY-XL-X-Large/dp/B078V9CSW1?dchild=1,https://m.media-amazon.com/images/I/81Sv20TePNL._AC_UL320_.jpg
14,Fort Collins,314,https://www.amazon.in/Fort-Collins-Regular-T-Shirt-FC11153_White/dp/B083WZ8FX7?dchild=1,https://m.media-amazon.com/images/I/71Gs2Ur45sL._AC_UL320_.jpg
15,United Colors of Benetton,769,https://www.amazon.in/United-Colors-Benetton-Regular-19A3069J0003I_101_L_White_L/dp/B07QJFLRGC?dchild=1,https://m.media-amazon.com/images/I/71NRmag8DOL._AC_UL320_.jpg
16,Amazon Brand - Symbol,549,https://www.amazon.in/Amazon-Brand-Printed-Regular-_Black_M/dp/B081BCRBT9?dchild=1,https://m.media-amazon.com/images/I/81nEClVQvdL._AC_UL320_.jpg
17,LAZYCHUNKS,455,https://www.amazon.in/LAZYCHUNKS-Cotton-Sleeve-Henley-Tshirt_Black_Medium/dp/B07N8T4BFL?dchild=1,https://m.media-amazon.com/images/I/61Hs6DaCKUL._AC_UL320_.jpg
18,YaZhi,499,https://www.amazon.in/YaZhi-Regular-T-Shirt-0001YZ_Combo_3_003_Black-White_Medium/dp/B083TK96VQ?dchild=1,https://m.media-amazon.com/images/I/51j2vXcC8IL._AC_UL320_.jpg
19,Amazon Brand - Symbol,469,https://www.amazon.in/Amazon-Brand-Regular-SS19MNTEE05-6_White-Cobalt_Large/dp/B07NW2FPHY?dchild=1,https://m.media-amazon.com/images/I/81flaJda7ML._AC_UL320_.jpg
20,US Polo Association,,https://www.amazon.in/US-Polo-Association-Printed-USTS6068_Snapdragon_L/dp/B07TJ1H41D?dchild=1,https://m.media-amazon.com/images/I/81XcgVnyyEL._AC_UL320_.jpg
21,Amazon Brand - Inkast Denim Co.,309,https://www.amazon.in/Amazon-Brand-Regular-T-Shirt-AZ-TS-08F_Navy_L/dp/B081H4W1HT?dchild=1,https://m.media-amazon.com/images/I/81Y0clCiSXL._AC_UL320_.jpg
22,Amazon Brand - Symbol,379,https://www.amazon.in/Amazon-Brand-Symbol-%E0%A4%AA%E0%A5%81%E0%A4%B0%E0%A5%81%E0%A4%B7%E0%A5%8B%E0%A4%82-%E0%A4%B0%E0%A5%87%E0%A4%97%E0%A5%81%E0%A4%B2%E0%A4%B0/dp/B081BCYP4T?dchild=1,https://m.media-amazon.com/images/I/81P5Awd6qQL._AC_UL320_.jpg
23,Bigbanana,699,https://www.amazon.in/BIGBANANA-Cotton-Sleeves-Embroidered-T-Shirt/dp/B07L2HR15H?dchild=1,https://m.media-amazon.com/images/I/71ITf8I7DIL._AC_UL320_.jpg
24,EASY BUY,269,https://www.amazon.in/EASY-BUY-Shirt-NS20GD03MT_-Black/dp/B08C8DWW82?dchild=1,https://m.media-amazon.com/images/I/81Ez6ocGG9L._AC_UL320_.jpg
25,Covernfashion,339,https://www.amazon.in/Fashion-Unisex-Dri-Fit-Sleeve-Bangtan/dp/B08B4VVLS7?dchild=1,https://m.media-amazon.com/images/I/510XGPY0vpL._AC_UL320_.jpg
26,hotfits,699,https://www.amazon.in/Hotfits-Cotton-Sleeveless-Tshirt-Multi-Coloured-XL/dp/B078L33ZRR?dchild=1,https://m.media-amazon.com/images/I/717uvJOjEmL._AC_UL320_.jpg
27,Veirdo,249,https://www.amazon.in/Veirdo-Mens-Cotton-T-Shirt-Black/dp/B07F5DB3HB?dchild=1,https://m.media-amazon.com/images/I/6123RHwOROL._AC_UL320_.jpg
28,Jockey,,https://www.amazon.in/Jockey-Plain-Regular-T-Shirt-2726_Pacific/dp/B07YXJCTD7?dchild=1,https://m.media-amazon.com/images/I/61Xqmw0Kr3L._AC_UL320_.jpg
29,Amazon Brand - House & Shields,469,https://www.amazon.in/Amazon-Brand-Shields-AW19-HSK-47_Vintage-Maroon-Iris/dp/B07TYVKVSX?dchild=1,https://m.media-amazon.com/images/I/815rili-kuL._AC_UL320_.jpg
30,United Colors of Benetton,559,https://www.amazon.in/United-Colors-Benetton-Printed-19P3AOPJ3066I_B34_M_Blue_Medium/dp/B07LFV64DN?dchild=1,https://m.media-amazon.com/images/I/81kkPJHTGwL._AC_UL320_.jpg
31,VIMAL JONNEY,899,https://www.amazon.in/VIMAL-JONNEY-Multicolor-T-Shirt-T_12_BLK_12_ANT_11_BLK-03-XXL/dp/B07VY7S253?dchild=1,https://m.media-amazon.com/images/I/71oJ5vry-9L._AC_UL320_.jpg
32,fanideaz,509,https://www.amazon.in/fanideaz-Mens-Cotton-T-Shirts-Men_DarkBlue_XL/dp/B086L8T94M?dchild=1,https://m.media-amazon.com/images/I/713S0eBibJL._AC_UL320_.jpg
33,EYEBOGLER,449,https://www.amazon.in/EYEBOGLER-Regular-T-Shirt-L-T91-NBTM-Blue-Teal/dp/B07RQZYYS1?dchild=1,https://m.media-amazon.com/images/I/412YATSakoL._AC_UL320_.jpg
34,GRITSTONES,299,https://www.amazon.in/GRITSTONES-Mens-Cotton-T-Shirt-GSCLHLY720BLK-M_Black_M/dp/B014I4H3DK?dchild=1,https://m.media-amazon.com/images/I/61ZdngmlhFL._AC_UL320_.jpg
35,US Polo Association,600,https://www.amazon.in/US-Polo-Association-UDTS0367_Green-Brair_Medium/dp/B07L6Y9R72?dchild=1,https://m.media-amazon.com/images/I/81RJNULaNSL._AC_UL320_.jpg
36,EASY BUY,152,https://www.amazon.in/EASY-BUY-Mens-T-Shirt-NS20GA01MT_/dp/B08C89JGM3?dchild=1,https://m.media-amazon.com/images/I/716KcP6OUnL._AC_UL320_.jpg
37,Scott International,399,https://www.amazon.in/Scott-International-Cotton-T-Shirt-SC-BAS-PN-BL-GR-XXXL/dp/B085TQL8T3?dchild=1,https://m.media-amazon.com/images/I/61GFXjvYq5L._AC_UL320_.jpg
38,BULLMER,698,https://www.amazon.in/BULLMER-Cotton-Printed-T-shirt-Multicolour/dp/B0892TVFBN?dchild=1,https://m.media-amazon.com/images/I/715fLvcic1L._AC_UL320_.jpg
39,Austin Wood,399,https://www.amazon.in/Austin-Wood-Colorblocked-T-Shirt-Embroidery/dp/B07QQLM813?dchild=1,https://m.media-amazon.com/images/I/71Mci-jDGYL._AC_UL320_.jpg
40,US Polo Association,809,https://www.amazon.in/US-Polo-Association-Regular-USTS5723_Blue_M/dp/B078GB9W6V?dchild=1,https://m.media-amazon.com/images/I/81sDzIUIFFL._AC_UL320_.jpg
41,Arrow Sports,679,https://www.amazon.in/Arrow-Sports-Printed-Regular-ASXTS3414_White_Large/dp/B07L8LTQ1R?dchild=1,https://m.media-amazon.com/images/I/810dl1heWpL._AC_UL320_.jpg
42,United Colors of Benetton,559,https://www.amazon.in/United-Colors-Benetton-Regular-19A3089J4011I_100_S_Black/dp/B07QLXXL5F?dchild=1,https://m.media-amazon.com/images/I/81TVw09cZ-L._AC_UL320_.jpg
43,Amazon Brand - Symbol,"1,009",https://www.amazon.in/Amazon-Brand-Regular-T-Shirt-SS20SYMTEE42-H_Multi-CLR/dp/B081VMM7Z6?dchild=1,https://m.media-amazon.com/images/I/81KaJou3VDL._AC_UL320_.jpg
44,United Colors of Benetton,"1,177",https://www.amazon.in/United-Colors-Benetton-Regular-19A3TIPJ0004I_C01_L_Navy/dp/B07QT2PGHP?dchild=1,https://m.media-amazon.com/images/I/81FeG2a0h1L._AC_UL320_.jpg
45,Amazon Brand - Symactive,319,https://www.amazon.in/Amazon-Brand-Symbol-T-Shirt-AW17-SYSP-05D_Medium_Viridian/dp/B072N829JV?dchild=1,https://m.media-amazon.com/images/I/81RB-er+X0L._AC_UL320_.jpg
46,The Cotton Company,621,https://www.amazon.in/Cotton-Company-Mens-Sport-Shirts/dp/B07J47K6NN?dchild=1,https://m.media-amazon.com/images/I/61W3m6FSl8L._AC_UL320_.jpg
47,Wrangler,505,https://www.amazon.in/Wrangler-Printed-Regular-W31309233W0S_Jsw-White_Large/dp/B07MF9PRB3?dchild=1,https://m.media-amazon.com/images/I/81xmaw5BKgL._AC_UL320_.jpg
,Name,Price,Product Link,Image
0,KGB,499,https://www.amazon.in/KGB-Mens-Regular-Polos-kgb_ep_XL_S_Black_X-Large/dp/B084YTY933?dchild=1,https://m.media-amazon.com/images/I/615ArNcj2wL._AC_UL320_.jpg
1,Amazon Brand - Symactive,399,https://www.amazon.in/Amazon-Brand-Symactive-Regular-AW19-SATV-17_White-Black_Large/dp/B07VRWCZ9C?dchild=1,https://m.media-amazon.com/images/I/71b6uBRSSjL._AC_UL320_.jpg
2,Leotude,299,https://www.amazon.in/Leotude-Regular-Cotton-Printed-T-Shirt/dp/B08C33RVT3?dchild=1,https://m.media-amazon.com/images/I/81L4nfFcsBL._AC_UL320_.jpg
3,EASY BUY,152,https://www.amazon.in/EASY-BUY-T-Shirt-NS20GA01MT_-Charcoal/dp/B08C8CDBVM?dchild=1,https://m.media-amazon.com/images/I/91VmRI5OvvL._AC_UL320_.jpg
4,Elements by Peter England,479,https://www.amazon.in/Elements-Peter-England-Striped-PAKPCSGB702923_Navy/dp/B0825BV5J4?dchild=1,https://m.media-amazon.com/images/I/81PHlHgA2ML._AC_UL320_.jpg
5,Duke,805,https://www.amazon.in/Duke-Stardust-Cotton-Blend-T-Shirt/dp/B06Y1P1VP5?dchild=1,https://m.media-amazon.com/images/I/91UUdK+p13L._AC_UL320_.jpg
6,US Polo Association,"1,044",https://www.amazon.in/US-Polo-Assn-Mens-8907378924988_USTS5359XL_Black/dp/B01N64LB59?dchild=1,https://m.media-amazon.com/images/I/81QW2IRL6tL._AC_UL320_.jpg
7,DJ & C,199,https://www.amazon.in/DJ-FBB-Graphic-T-Shirt-Black/dp/B0834W3Y1R?dchild=1,https://m.media-amazon.com/images/I/711x0BbhobL._AC_UL320_.jpg
8,Urban Rangers by Pantaloons,278,https://www.amazon.in/Urban-Rangers-Pantaloons-Striped-110054113_Grey/dp/B07WTQRZQX?dchild=1,https://m.media-amazon.com/images/I/81ADVIrD0QL._AC_UL320_.jpg
9,Nike,"1,282",https://www.amazon.in/Nike-Regular-T-Shirt-724913-10-Black_L/dp/B01CDPD9IO?dchild=1,https://m.media-amazon.com/images/I/71or7cS0ujL._AC_UL320_.jpg
10,Amazon Brand - Symbol,589,https://www.amazon.in/Amazon-Brand-Regular-SYMSTSPO2-Multicolor-10_XL/dp/B07R3CYYKH?dchild=1,https://m.media-amazon.com/images/I/81AIOtcPWKL._AC_UL320_.jpg
11,Buffalo,419,https://www.amazon.in/Buffalo-Mens-Regular-T-Shirt-1002461782OLIVE_X-Small_Olive_X-Small/dp/B0837XXBFY?dchild=1,https://m.media-amazon.com/images/I/713PWihqURL._AC_UL320_.jpg
12,Elements by Peter England,395,https://www.amazon.in/Elements-Peter-England-Printed-PAKCCSGF356468_Navy/dp/B07YSWJXL7?dchild=1,https://m.media-amazon.com/images/I/81LOTKmgU8L._AC_UL320_.jpg
13,ONN,475,https://www.amazon.in/ONN-Mens-Solid-Regular-NC432_TNGR_1PC_Tangerine_M/dp/B07PMDKM4W?dchild=1,https://m.media-amazon.com/images/I/81TQIfm1fnL._AC_UL320_.jpg
14,US Polo Association,"1,199",https://www.amazon.in/US-Polo-Association-Striped-USTS5709_Blue_M/dp/B078HHDNSL?dchild=1,https://m.media-amazon.com/images/I/91xHSjA99yL._AC_UL320_.jpg
15,Jack & Jones,429,https://www.amazon.in/Jack-Jones-Quilted-1967655003_Total-Eclipse_Large/dp/B0776ZF171?dchild=1,https://m.media-amazon.com/images/I/81o17pvTa-L._AC_UL320_.jpg
16,Amazon Brand - Symbol,319,https://www.amazon.in/Amazon-Brand-Regular-T-Shirt-SS20SYMTEE16-A_Green/dp/B081VLGPJY?dchild=1,https://m.media-amazon.com/images/I/814eiXssy6L._AC_UL320_.jpg
17,hotfits,899,https://www.amazon.in/Hotfits-Multi-Coloured-Sleeveless-Tshirt-Pack/dp/B07GYNQDXH?dchild=1,https://m.media-amazon.com/images/I/71A4Nd46ZjL._AC_UL320_.jpg
18,EYEBOGLER,449,https://www.amazon.in/EYEBOGLER-M-EBEBT305-AS10NBLGWH-Striper10-Dark-Navy-Light-Grey-White/dp/B07ZB43X65?dchild=1,https://m.media-amazon.com/images/I/6145wUYXw7L._AC_UL320_.jpg
19,US Polo Association,"1,139",https://www.amazon.in/US-Polo-Casual-Shirts-8907259517223_USSHC0049XL_Blue/dp/B01MYNJZ6M?dchild=1,https://m.media-amazon.com/images/I/711U-9bTAtL._AC_UL320_.jpg
20,Amazon Brand - Symbol,399,https://www.amazon.in/Amazon-Brand-Regular-T-Shirt-SS20SYMTEE35-F_Multi-CLR/dp/B081VM69XK?dchild=1,https://m.media-amazon.com/images/I/81PhNoG8NVL._AC_UL320_.jpg
21,United Colors of Benetton,974,https://www.amazon.in/United-Colors-Benetton-Regular-19A3069J0005I_902_XL_Yellow/dp/B07QLXXLTQ?dchild=1,https://m.media-amazon.com/images/I/81y48qoeUjL._AC_UL320_.jpg
22,US Polo Association,"1,406",https://www.amazon.in/US-Polo-Association-T-Shirt-USTS6120_Navy_M/dp/B07TJ1J3TN?dchild=1,https://m.media-amazon.com/images/I/71DcwW6Y5VL._AC_UL320_.jpg
23,Veirdo,299,https://www.amazon.in/Veirdo-Cotton-Sleeveless-Round-Tshirt/dp/B07BHP4HVP?dchild=1,https://m.media-amazon.com/images/I/71qV1zqE7xL._AC_UL320_.jpg
24,Van Heusen Athleisure,849,https://www.amazon.in/Van-Heusen-Athleisure-60078_Charcoal-Melange_Large/dp/B07R8VB2S6?dchild=1,https://m.media-amazon.com/images/I/71Xnp+jpQjL._AC_UL320_.jpg
25,DJ & C,199,https://www.amazon.in/DJ-FBB-Graphic-Print-T-Shirt/dp/B0834W28VX?dchild=1,https://m.media-amazon.com/images/I/71lxY8LQj7L._AC_UL320_.jpg
26,DIWINS,699,https://www.amazon.in/DIWINS-T-Shirt-Henley-Collar-Regular/dp/B08D88NXJC?dchild=1,https://m.media-amazon.com/images/I/81PbgSVrtyL._AC_UL320_.jpg
27,GRITSTONES,179,https://www.amazon.in/GRITSTONES-Sleeves-Longline-T-Shirt-GSHSTSHT1849BLKDGRY_M/dp/B07BFWDXCL?dchild=1,https://m.media-amazon.com/images/I/71KBOP57n9L._AC_UL320_.jpg
28,French Connection,503,https://www.amazon.in/French-Connection-Solid-513VO-Olive_Large/dp/B07PH2W7MV?dchild=1,https://m.media-amazon.com/images/I/81azEm3v03L._AC_UL320_.jpg
29,HILGAR,199,https://www.amazon.in/HILGAR-Sleeves-T-Shirt-Regular-Polyester/dp/B07S7TX9RY?dchild=1,https://m.media-amazon.com/images/I/61dF+mQMFjL._AC_UL320_.jpg
30,WEXFORD,479,https://www.amazon.in/WEXFORD-Sleeve-Casual-T-Shirt-X-Large/dp/B01HTOZ11M?dchild=1,https://m.media-amazon.com/images/I/51MK09dlPaL._AC_UL320_.jpg
31,United Colors of Benetton,539,https://www.amazon.in/United-Colors-Benetton-Printed-19P3096E0013I_101_L_White_Large/dp/B07LFJRVKK?dchild=1,https://m.media-amazon.com/images/I/715v0qplTdL._AC_UL320_.jpg
32,Jockey,529,https://www.amazon.in/Jockey-Plain-Regular-T-Shirt-AM95_Seaport/dp/B0842HZCV3?dchild=1,https://m.media-amazon.com/images/I/81UonJlgfRL._AC_UL320_.jpg
33,Max,224,https://www.amazon.in/Max-Mens-Printed-T-Shirt-TDWI1806KTS_Black_XL/dp/B07VDM5QZJ?dchild=1,https://m.media-amazon.com/images/I/81lso3Y0oKL._AC_UL320_.jpg
34,Covernfashion,339,https://www.amazon.in/Fashion-Unisex-Dri-Fit-Sleeve-Bangtan/dp/B08B4V1BR3?dchild=1,https://m.media-amazon.com/images/I/51HPqZAZmDL._AC_UL320_.jpg
35,Chromozome,265,https://www.amazon.in/Chromozome-Mens-T-Shirt-8902733371308_OS2_Medium_Cherry-Brick/dp/B073X12MF5?dchild=1,https://m.media-amazon.com/images/I/811T7IIS65L._AC_UL320_.jpg
36,Elements by Peter England,479,https://www.amazon.in/Elements-Peter-England-Striped-PAKPCSGBP38308_Yellow/dp/B08259V2SJ?dchild=1,https://m.media-amazon.com/images/I/81jrgFwRa4L._AC_UL320_.jpg
37,Amazon Brand - Symbol,380,https://www.amazon.in/Symbol-Mens-Solid-Regular-AW19MCPO_Pink_M/dp/B07SK66BSJ?dchild=1,https://m.media-amazon.com/images/I/81EqXwrIpIL._AC_UL320_.jpg
38,ZEYO,749,https://www.amazon.in/ZEYO-Cotton-Striped-Sleeve-T-Shirt/dp/B084BSFK46?dchild=1,https://m.media-amazon.com/images/I/41yA24aYnfL._AC_UL320_.jpg
39,Bigbanana,599,https://www.amazon.in/Bigbanana-Plus-%E0%A4%B8%E0%A4%BE%E0%A4%87%E0%A4%9C%E0%A4%BC-%E0%A4%AA%E0%A5%81%E0%A4%B0%E0%A5%81%E0%A4%B7%E0%A5%8B%E0%A4%82-%E0%A4%9F%E0%A5%80-%E0%A4%B6%E0%A4%B0%E0%A5%8D%E0%A4%9F/dp/B07WV41JLM?dchild=1,https://m.media-amazon.com/images/I/61IbsuL7P6L._AC_UL320_.jpg
40,Adidas,679,https://www.amazon.in/Adidas-Mens-Solid-Regular-DN3095_XL_LtBlue/dp/B07CD21MNR?dchild=1,https://m.media-amazon.com/images/I/81qRFrAn1DL._AC_UL320_.jpg
41,Puma,711,https://www.amazon.in/Puma-Plain-Regular-T-Shirt-51817904_Olivine_Medium/dp/B07SBVPRDT?dchild=1,https://m.media-amazon.com/images/I/51vsd0VlVPL._AC_UL320_.jpg
42,Amazon Brand - House & Shields,309,https://www.amazon.in/Amazon-Brand-Shields-AW-18-HSGT-03_Granite-Green_Large/dp/B07FXTRXMQ?dchild=1,https://m.media-amazon.com/images/I/81fbs2ePEbL._AC_UL320_.jpg
43,Puma,"1,034",https://www.amazon.in/Puma-RBR-Logo-Tee-White/dp/B079J9C3Y4?dchild=1,https://m.media-amazon.com/images/I/71i-Z-BxnSL._AC_UL320_.jpg
44,DIWINS,499,https://www.amazon.in/DIWINS-T-Shirt-Henley-Collar-Regular/dp/B08DHP1HK6?dchild=1,https://m.media-amazon.com/images/I/81Sh3VNF0wL._AC_UL320_.jpg
45,Buffalo,319,https://www.amazon.in/Buffalo-Turtle-Neck-T-Shirt-Navy/dp/B08376N4GF?dchild=1,https://m.media-amazon.com/images/I/71REcW4ETmL._AC_UL320_.jpg
46,Amazon Brand - Symbol,469,https://www.amazon.in/Amazon-Brand-Regular-T-Shirt-SS19MNTEE11-2_Multicolor_Large/dp/B07P7R5SG2?dchild=1,https://m.media-amazon.com/images/I/81F5NIIxqUL._AC_UL320_.jpg
47,Leotude,199,https://www.amazon.in/Leotude-Mens-Cotton-Sleeveless-T-Shirt/dp/B07Z7PSRB9?dchild=1,https://m.media-amazon.com/images/I/61lcbPCvhqL._AC_UL320_.jpg
,Name,Price,Product Link,Image
0,Wrath,349,https://www.amazon.in/%E0%A4%9F%E0%A5%8D%E0%A4%B0%E0%A4%BF%E0%A4%AA%E0%A4%B2-%E0%A4%B8%E0%A5%8D%E0%A4%9F%E0%A5%8D%E0%A4%B0%E0%A4%BE%E0%A4%87%E0%A4%AA-%E0%A4%B8%E0%A5%8D%E0%A4%9F%E0%A4%BE%E0%A4%87%E0%A4%B2-%E0%A4%9F%E0%A5%80-%E0%A4%B6%E0%A4%B0%E0%A5%8D%E0%A4%9F-%E0%A4%AA%E0%A5%81%E0%A4%B0%E0%A5%81%E0%A4%B7%E0%A5%8B%E0%A4%82/dp/B07RVM3Q9H?dchild=1,https://m.media-amazon.com/images/I/61xJZqP5XVL._AC_UL320_.jpg
1,Amazon Brand - Symbol,345,https://www.amazon.in/Amazon-Brand-Symbol-T-Shirt-SS19MNTEE03-A_Multicolor_XL/dp/B07N1SWTZK?dchild=1,https://m.media-amazon.com/images/I/81XN5D13HpL._AC_UL320_.jpg
2,Triumph,"1,799",https://www.amazon.in/Triumph-Polyester-Printed-Cycling-T-Shirt/dp/B07Q2D7SYG?dchild=1,https://m.media-amazon.com/images/I/61rfcYLMORL._AC_UL320_.jpg
3,Maniac,359,https://www.amazon.in/Manaic-Printed-Fullsleeve-Cotton-T-Shirt/dp/B07V4YVJJ6?dchild=1,https://m.media-amazon.com/images/I/91vMub5HwjL._AC_UL320_.jpg
4,United Colors of Benetton,677,https://www.amazon.in/United-Colors-Benetton-Striped-19A3STRJ0010I_A63_XL_Orange/dp/B07QNPGRL8?dchild=1,https://m.media-amazon.com/images/I/81xOXB4UnCL._AC_UL320_.jpg
5,SKYBEN,169,https://www.amazon.in/SKYBEN-Mens-Round-Sleeves-Shirt/dp/B086HVQDKL?dchild=1,https://m.media-amazon.com/images/I/71hu1QJCWwL._AC_UL320_.jpg
6,Fusefit,269,https://www.amazon.in/Fusefit-Solid-Sports-T-Shirt-FFA-MT002-05_Black_Large/dp/B07TDMT4L2?dchild=1,https://m.media-amazon.com/images/I/71GVojMlJAL._AC_UL320_.jpg
7,Amazon Brand - House & Shields,469,https://www.amazon.in/Amazon-Brand-Shields-AW19-HSK-41_Iris-Navy-Ecru/dp/B07TV8DD83?dchild=1,https://m.media-amazon.com/images/I/91HYe7KI1oL._AC_UL320_.jpg
8,Puma,761,https://www.amazon.in/Puma-Striped-Regular-T-Shirt-4060978712523_White_Large/dp/B07N93M33Y?dchild=1,https://m.media-amazon.com/images/I/71CvaPk9P4L._AC_UL320_.jpg
9,Adidas,899,https://www.amazon.in/Adidas-Striped-Regular-T-Shirt-FJ9216_White_L/dp/B07VDL5R4N?dchild=1,https://m.media-amazon.com/images/I/519NVkqDQmL._AC_UL320_.jpg
10,Spunk by FBB,399,https://www.amazon.in/Spunk-FBB-Urban-T-Shirt-Offwhite/dp/B08376GNCL?dchild=1,https://m.media-amazon.com/images/I/614jffSp9nL._AC_UL320_.jpg
11,Adidas,"1,399",https://www.amazon.in/Adidas-Regular-T-Shirt-FN1735_Black-Large/dp/B081TTXGFG?dchild=1,https://m.media-amazon.com/images/I/71wMgCPmGPL._AC_UL320_.jpg
12,Puma,972,https://www.amazon.in/Puma-Mens-Printed-Regular-57703701_Black_L/dp/B07BNK4WTJ?dchild=1,https://m.media-amazon.com/images/I/91fUmu8Cd9L._AC_UL320_.jpg
13,Elements by Peter England,479,https://www.amazon.in/Elements-Peter-England-Regular-PAKPCSGBB80765_Navy/dp/B083QW8D5S?dchild=1,https://m.media-amazon.com/images/I/81rkeRtEXFL._AC_UL320_.jpg
14,Elements by Peter England,479,https://www.amazon.in/Elements-Peter-England-Striped-PAKPCSGBK61203_Navy/dp/B0825BNLXB?dchild=1,https://m.media-amazon.com/images/I/81w+BNOc-9L._AC_UL320_.jpg
15,VIMAL JONNEY,899,https://www.amazon.in/VIMAL-JONNEY-Multicolor-T-Shirt-T_12_BLK_12_ANT_10_BLK-03-L/dp/B07VY7RKK5?dchild=1,https://m.media-amazon.com/images/I/71DgHrPhb9L._AC_UL320_.jpg
16,AWG - All Weather Gear,499,https://www.amazon.in/AWG-Polyester-T-Shirts-AWGDFT-BL-SBU-WH-M-Multicolour/dp/B07339T3HG?dchild=1,https://m.media-amazon.com/images/I/71x++7pyAVL._AC_UL320_.jpg
17,Giftlub,299,https://www.amazon.in/Giftlub-Avenger-Endgame-Printed-Sleeve/dp/B07N58CGPF?dchild=1,https://m.media-amazon.com/images/I/61+o-XxyGQL._AC_UL320_.jpg
18,Tfortees,299,https://www.amazon.in/Tfortees-Cotton-Sleeve-Colorblock-T-shirt/dp/B08BWLX2F3?dchild=1,https://m.media-amazon.com/images/I/51BpmVzdIEL._AC_UL320_.jpg
19,VIMAL JONNEY,296,https://www.amazon.in/VIMAL-Printed-Navy-Cotton-Tshirt/dp/B073PYXR34?dchild=1,https://m.media-amazon.com/images/I/71ENb5oIrmL._AC_UL320_.jpg
20,Wear Your Opinion,338,https://www.amazon.in/WYO-Camouflage-Commando-Sleeveless-T-Shirt/dp/B07DY15ZVR?dchild=1,https://m.media-amazon.com/images/I/41sukstbW7L._AC_UL320_.jpg
21,Adidas,"1,169",https://www.amazon.in/Adidas-Striped-Regular-FL5721_M_White-Medium/dp/B082RYVKMN?dchild=1,https://m.media-amazon.com/images/I/71+j3lP3PFL._AC_UL320_.jpg
22,London Hills,999,https://www.amazon.in/London-Hills-Solid-Sleeve-T-Shirts/dp/B07PGPRVKM?dchild=1,https://m.media-amazon.com/images/I/81L5W9-Fh1L._AC_UL320_.jpg
23,hotfits,299,https://www.amazon.in/Hotfits-Mens-Cotton-Sleeveless-Tshirt-Blue-XL/dp/B078KXLXP3?dchild=1,https://m.media-amazon.com/images/I/41nSt7mHZfL._AC_UL320_.jpg
24,EASY BUY,152,https://www.amazon.in/EASY-BUY-Mens-T-Shirt-NS20DA01MT_/dp/B08C8C9GWW?dchild=1,https://m.media-amazon.com/images/I/819xx40KwdL._AC_UL320_.jpg
25,Nike,"1,202",https://www.amazon.in/Nike-Regular-T-Shirt-BV8669-084_Smoke-Medium/dp/B07TZ6WFMB?dchild=1,https://m.media-amazon.com/images/I/71ODRfcLP-L._AC_UL320_.jpg
26,United Colors of Benetton,639,https://www.amazon.in/United-Colors-Benetton-19A3089J5005I_903_KL_Bottle-Green_XXXL/dp/B07QLWNTPW?dchild=1,https://m.media-amazon.com/images/I/81sqPWzaOaL._AC_UL320_.jpg
27,United Colors of Benetton,719,https://www.amazon.in/United-Colors-Benetton-Printed-19P3AOPJ3254I_101_White_X-Large/dp/B07LCPYTXL?dchild=1,https://m.media-amazon.com/images/I/91DVmgKGIvL._AC_UL320_.jpg
28,Generic,499,https://www.amazon.in/Madrid-Jersey-Football-Shorts-Quality/dp/B07MXJ7TZW?dchild=1,https://m.media-amazon.com/images/I/61Z0PJcn6gL._AC_UL320_.jpg
29,Celio,726,https://www.amazon.in/Celio-Solid-Regular-T-Shirt-3596655109252_Navy/dp/B07PSYH178?dchild=1,https://m.media-amazon.com/images/I/71zInKsM9GL._AC_UL320_.jpg
30,Fort Collins,359,https://www.amazon.in/Collins-%E0%A4%AA%E0%A5%81%E0%A4%B0%E0%A5%81%E0%A4%B7%E0%A5%8B%E0%A4%82-%E0%A4%B8%E0%A5%89%E0%A4%B2%E0%A4%BF%E0%A4%A1-%E0%A4%B0%E0%A5%87%E0%A4%97%E0%A5%81%E0%A4%B2%E0%A4%B0-%E0%A4%9F%E0%A5%80-%E0%A4%B6%E0%A4%B0%E0%A5%8D%E0%A4%9F/dp/B083WY38YS?dchild=1,https://m.media-amazon.com/images/I/81+aMtRsmYL._AC_UL320_.jpg
31,EASY 2 WEAR,599,https://www.amazon.in/EASY-WEAR-T-Shirts-Sizes-XXXX-Large/dp/B07DJ7T4TZ?dchild=1,https://m.media-amazon.com/images/I/71jWn3HrHAL._AC_UL320_.jpg
32,Red Tape,329,https://www.amazon.in/Red-Tape-Regular-T-Shirt-RPH7135_White_X-Large/dp/B07M83N1H9?dchild=1,https://m.media-amazon.com/images/I/61D+0JMIsnL._AC_UL320_.jpg
33,Boodbuck,999,https://www.amazon.in/Boodbuck-Plain-Cotton-Shirts-Tshirts/dp/B07WZN6F9L?dchild=1,https://m.media-amazon.com/images/I/81kKp4FgMsL._AC_UL320_.jpg
34,Puma,763,https://www.amazon.in/Puma-Plain-Regular-58395101-Medium/dp/B07YFDLBW5?dchild=1,https://m.media-amazon.com/images/I/81zviS2RvYL._AC_UL320_.jpg
35,United Colors of Beneton,319,https://www.amazon.in/United-Colors-Beneton-Printed-19P3096J3000I_F37_M_Purple_Medium/dp/B07M8VW1L4?dchild=1,https://m.media-amazon.com/images/I/91bjrujFcnL._AC_UL320_.jpg
36,Veirdo,299,https://www.amazon.in/Veirdo-Mens-Cotton-Tshirt-Black-Maroon/dp/B07RWLMP26?dchild=1,https://m.media-amazon.com/images/I/619J9dTlRAL._AC_UL320_.jpg
37,Spunk by FBB,279,https://www.amazon.in/Spunk-FBB-T-Shirt-Applique-Oatmeal/dp/B083771WVQ?dchild=1,https://m.media-amazon.com/images/I/71LfeWJ8YHL._AC_UL320_.jpg
38,Wear Your Opinion,424,https://www.amazon.in/WYO-Wear-Your-Opinion-Printed/dp/B07H999M2B?dchild=1,https://m.media-amazon.com/images/I/61XXlay0VdL._AC_UL320_.jpg
39,MAD & CURIOUS,299,https://www.amazon.in/MAD-CURIOUS-Casual-Sleeves-T-Shirt/dp/B07KYM4K83?dchild=1,https://m.media-amazon.com/images/I/510qYbE6xjL._AC_UL320_.jpg
40,Crazy Prints,299,https://www.amazon.in/Crazy-Prints-Printed-Sleeveless-Medium-3-5/dp/B07Q45YXVJ?dchild=1,https://m.media-amazon.com/images/I/71D7PcpxBQL._AC_UL320_.jpg
41,KIPA,60,https://www.amazon.in/KIPA-Unisex-Survived-Lockdown-T-shirt/dp/B08911GN2M?dchild=1,https://m.media-amazon.com/images/I/71XbeYZ436L._AC_UL320_.jpg
42,Adidas,"1,049",https://www.amazon.in/Adidas-Plain-Regular-T-Shirt-FM6273_Black/dp/B0823FVTJQ?dchild=1,https://m.media-amazon.com/images/I/81l-z9MkEFL._AC_UL320_.jpg
43,Deniklo,309,https://www.amazon.in/Deniklo-Mens-Solid-Regular-DK19-L_White_L/dp/B07TCJQ3C3?dchild=1,https://m.media-amazon.com/images/I/71UvR8kV-HL._AC_UL320_.jpg
44,Just rider,549,https://www.amazon.in/Just-rider-Polyester-Sleeves-Swimming/dp/B07K2CPFS6?dchild=1,https://m.media-amazon.com/images/I/31kpxIkwUFL._AC_UL320_.jpg
45,Duke,805,https://www.amazon.in/Duke-Stardust-Cotton-Blend-SDVP12Q_Shale_L/dp/B071HF65Q7?dchild=1,https://m.media-amazon.com/images/I/71rH-XgtUVL._AC_UL320_.jpg
46,BULLMER,698,https://www.amazon.in/BULLMER-Cotton-Printed-T-shirt-Multicolour/dp/B0892TWZZC?dchild=1,https://m.media-amazon.com/images/I/71Zrgz4PvYL._AC_UL320_.jpg
47,Amazon Brand - Symbol,259,https://www.amazon.in/Amazon-Brand-Regular-T-Shirt-SS19MNTEE10-4_Multicolor_Large/dp/B07PB1HYVJ?dchild=1,https://m.media-amazon.com/images/I/819lkj-6WyL._AC_UL320_.jpg
,Name,Price,Product Link,Image
0,United Colors of Benetton,479,https://www.amazon.in/United-Colors-Benetton-Regular-19A3089J4012I_100_L_Black_L/dp/B07QH9H4WH?dchild=1,https://m.media-amazon.com/images/I/81KopgL8w2L._AC_UL320_.jpg
1,KIPA,64,https://www.amazon.in/KIPA-Unisex-Hollow-Round-T-Shirt/dp/B0893SQZ2H?dchild=1,https://m.media-amazon.com/images/I/71uC1v3lMRL._AC_UL320_.jpg
2,Leotude,699,https://www.amazon.in/Leotude-Sleeveless-Cotton-Regular-T-Shirt/dp/B089NVKDK3?dchild=1,https://m.media-amazon.com/images/I/71bhufDb9GL._AC_UL320_.jpg
3,STYLENSE,249,https://www.amazon.in/Veirdo-Superman-Printed-Sleeveless-T-Shirt/dp/B073XNMGJ1?dchild=1,https://m.media-amazon.com/images/I/61t-d0EONLL._AC_UL320_.jpg
4,PS PILOT,699,https://www.amazon.in/PS-PILOT-Combination-T-Shirt-X-Large/dp/B084ZN3TFK?dchild=1,https://m.media-amazon.com/images/I/61TlYq49fGL._AC_UL320_.jpg
5,WEXFORD,509,https://www.amazon.in/WEXFORD-Cotton-Sleeves-T-Shirt-Grey_XL/dp/B01M0MT2G2?dchild=1,https://m.media-amazon.com/images/I/618kcPPZqvL._AC_UL320_.jpg
6,Try This,499,https://www.amazon.in/Try-This-Mens-Cotton-T-Shirt/dp/B07V2NM8S5?dchild=1,https://m.media-amazon.com/images/I/41RzD9hNAjL._AC_UL320_.jpg
7,EYEBOGLER,408,https://www.amazon.in/Seven-Rocks-Regular-NM_Navy-Melange_X-Large/dp/B01MS6QGRH?dchild=1,https://m.media-amazon.com/images/I/515f6YiP62L._AC_UL320_.jpg
8,Van Heusen Athleisure,,https://www.amazon.in/Van-Heusen-Athleisure-60033_Racing-Red_Large/dp/B07R4NJ1QH?dchild=1,https://m.media-amazon.com/images/I/81vz9xw78+L._AC_UL320_.jpg
9,Fashion Gallery,299,https://www.amazon.in/Fashion-Gallery-%E0%A4%AA%E0%A5%81%E0%A4%B0%E0%A5%81%E0%A4%B7%E0%A5%8B%E0%A4%82-%E0%A4%9F%E0%A5%80%E0%A4%B6%E0%A4%B0%E0%A5%8D%E0%A4%9F-%E0%A4%9C%E0%A4%BC%E0%A4%BF%E0%A4%AA%E0%A4%B0/dp/B07MGLP1WV?dchild=1,https://m.media-amazon.com/images/I/81gbTbp+wpL._AC_UL320_.jpg
10,PAUSE,399,https://www.amazon.in/PAUSE-Sleeve-T-Shirt-Medium-PACT02191508-BLK-M/dp/B07P2YR17S?dchild=1,https://m.media-amazon.com/images/I/71Yh3xmIKeL._AC_UL320_.jpg
11,ADRO,499,https://www.amazon.in/ADRO-Cotton-T-Shirt-Yellow-Large/dp/B07PNC498X?dchild=1,https://m.media-amazon.com/images/I/61dgq7A8gtL._AC_UL320_.jpg
12,Amazon Brand - Symbol,299,https://www.amazon.in/Amazon-Brand-Regular-T-Shirt-SS19MNTEE07-2_Multicolor_X-Large/dp/B07P6M8K5M?dchild=1,https://m.media-amazon.com/images/I/81hGBCzlw9L._AC_UL320_.jpg
13,WEXFORD,482,https://www.amazon.in/WEXFORD-Mens-Sleeve-Casual-T-Shirt/dp/B01HTOOYCO?dchild=1,https://m.media-amazon.com/images/I/41M1d9HckqL._AC_UL320_.jpg
14,Leotude,379,https://www.amazon.in/Leotude-Cotton-T-Shirt-Maroon-Small/dp/B07JCXXG91?dchild=1,https://m.media-amazon.com/images/I/61JYLnyshsL._AC_UL320_.jpg
15,RodZen,409,https://www.amazon.in/Roden-Sleeve-Cotton-Round-Tshirt/dp/B07RNZ1G4Y?dchild=1,https://m.media-amazon.com/images/I/51eyCBWfgBL._AC_UL320_.jpg
16,United Colors of Benetton,479,https://www.amazon.in/United-Colors-Benetton-19A3089J4012I_F62_L_Flame-Scarlet_L/dp/B07QJFLJZH?dchild=1,https://m.media-amazon.com/images/I/81ctiRlU5OL._AC_UL320_.jpg
17,KIPA,65,https://www.amazon.in/KIPA-Unisex-Cotton-Round-T-Shirt/dp/B08961MWZZ?dchild=1,https://m.media-amazon.com/images/I/51eH+2D3hxL._AC_UL320_.jpg
18,GHPC,499,https://www.amazon.in/GHPC-Golden-Blocked-Sleeves-TS917023_M/dp/B083NZFH7L?dchild=1,https://m.media-amazon.com/images/I/615K693SKCL._AC_UL320_.jpg
19,Amazon Brand - Symbol,469,https://www.amazon.in/Amazon-Brand-Regular-SS18PLK189A_Moss-Green_L/dp/B078SZGRP3?dchild=1,https://m.media-amazon.com/images/I/81r+iER-fLL._AC_UL320_.jpg
20,EYEBOGLER,449,https://www.amazon.in/Seven-Rocks-Cotton-T-Shirt-M-T15-BL/dp/B07BQ9NW59?dchild=1,https://m.media-amazon.com/images/I/41lTU0sPNYL._AC_UL320_.jpg
21,Van Heusen Athleisure,459,https://www.amazon.in/Van-Heusen-Cotton-Stretch-8907522410039_60081_Medium_Black/dp/B01LXJNA0Q?dchild=1,https://m.media-amazon.com/images/I/91Ej1-buWEL._AC_UL320_.jpg
22,US Polo Association,854,https://www.amazon.in/US-Polo-Association-T-Shirt-USTS6052_Sangria_XL/dp/B07TK4Q4PP?dchild=1,https://m.media-amazon.com/images/I/81PJVsk-VEL._AC_UL320_.jpg
23,AWG - All Weather Gear,499,https://www.amazon.in/AWG-Weather-Regular-T-Shirt-AWGDFT-BU-DGR-WH-L_Multicolour_Large/dp/B07P66F2RT?dchild=1,https://m.media-amazon.com/images/I/61MXgs0tGOL._AC_UL320_.jpg
24,AMERICAN CREW,599,https://www.amazon.in/AMERICAN-CREW-Mens-Stripes-T-Shirt/dp/B0743JLGB6?dchild=1,https://m.media-amazon.com/images/I/61nPsLVM7hL._AC_UL320_.jpg
25,Max,382,https://www.amazon.in/Max-Mens-Solid-Slim-AMPSP2001HSCAQUA_Aqua/dp/B08353M6GG?dchild=1,https://m.media-amazon.com/images/I/81w1s5-2IUL._AC_UL320_.jpg
26,Van Heusen Athleisure,479,https://www.amazon.in/Van-Heusen-T-Shirt-8907670964521_60021_Blue-Melange_L/dp/B073WCLS7L?dchild=1,https://m.media-amazon.com/images/I/81po835n8bL._AC_UL320_.jpg
27,Adidas,899,https://www.amazon.in/Adidas-Solid-Regular-T-Shirt-FI7941_White_L/dp/B07VFP7M4X?dchild=1,https://m.media-amazon.com/images/I/71XFPTPodJL._AC_UL320_.jpg
28,Veirdo,299,https://www.amazon.in/Veirdo-Mens-Regular-T-Shirt-TSH_79_BLKGRY_L_Multicolor_Large/dp/B084HCZQ8T?dchild=1,https://m.media-amazon.com/images/I/41Z3JPiYYKL._AC_UL320_.jpg
29,United Colors of Benetton,571,https://www.amazon.in/United-Colors-Benetton-Regular-19A3096J0077I_100_L_Wine_L/dp/B07QKHNCZB?dchild=1,https://m.media-amazon.com/images/I/71OKODHhh4L._AC_UL320_.jpg
30,KIPA,64,https://www.amazon.in/KIPA-Unisex-Shivay-T-Shirt-White/dp/B0894LFD3F?dchild=1,https://m.media-amazon.com/images/I/61xVdlsz4yL._AC_UL320_.jpg
31,SKYBEN,169,https://www.amazon.in/SKYBEN-Cotton-Hooded-Sleeves-T-shirt/dp/B0831LF4B8?dchild=1,https://m.media-amazon.com/images/I/71U72c6I7RL._AC_UL320_.jpg
32,fanideaz,679,https://www.amazon.in/fanideaz-Cotton-Sleeve-Striped-Melange/dp/B07GNGK4CT?dchild=1,https://m.media-amazon.com/images/I/71MhLKo09SL._AC_UL320_.jpg
33,Peppyzone,449,https://www.amazon.in/Peppyzone-Round-Sleeve-Camouflage-Shirt/dp/B085S4MKHT?dchild=1,https://m.media-amazon.com/images/I/61KkGHeoWqL._AC_UL320_.jpg
34,BULLMER,698,https://www.amazon.in/BULLMER-Cotton-Printed-T-shirt-Multicolour/dp/B0892SLGPH?dchild=1,https://m.media-amazon.com/images/I/716+xAc54EL._AC_UL320_.jpg
35,Tfortees,299,https://www.amazon.in/Tfortees-Cotton-Sleeve-Printed-Tshirt/dp/B08BWRXDGN?dchild=1,https://m.media-amazon.com/images/I/51e-xcdMtlL._AC_UL320_.jpg
36,Fashion Gallery,299,https://www.amazon.in/Fashion-Gallery-T-Shirt-Sleeves-T-Shirts/dp/B08BZQ9DBB?dchild=1,https://m.media-amazon.com/images/I/617yGojvD2L._AC_UL320_.jpg
37,AMERICAN CREW,799,https://www.amazon.in/AMERICAN-CREW-Striped-AC1115_White-Melange_Small/dp/B075B5M43V?dchild=1,https://m.media-amazon.com/images/I/71rQQJ05qmL._AC_UL320_.jpg
38,V3Squared,425,https://www.amazon.in/V3Squared-Cotton-Sleeve-T-Shirt-Maroon/dp/B07XPCF2YY?dchild=1,https://m.media-amazon.com/images/I/71yko0tGSnL._AC_UL320_.jpg
39,Broyz,189,https://www.amazon.in/Broyz-Avenger-Round-Sleeveless-T-Shirt/dp/B07Z9GPCVD?dchild=1,https://m.media-amazon.com/images/I/61amQzF3aOL._AC_UL320_.jpg
40,COTTVALLEY,399,https://www.amazon.in/COTTVALLEY-Outfits-Cotton-Materials-Sleeveless/dp/B081Y5H2L8?dchild=1,https://m.media-amazon.com/images/I/41u472PIZqL._AC_UL320_.jpg
41,Bon Organik,494,https://www.amazon.in/Organik-%E0%A4%B2%E0%A4%A1%E0%A4%BC%E0%A4%95%E0%A5%8B%E0%A4%82-%E0%A4%AC%E0%A4%9A%E0%A5%8D%E0%A4%9A%E0%A5%8B%E0%A4%82-%E0%A4%B2%E0%A4%A1%E0%A4%BC%E0%A4%95%E0%A4%BF%E0%A4%AF%E0%A5%8B%E0%A4%82-%E0%A4%9F%E0%A5%80-%E0%A4%B6%E0%A4%B0%E0%A5%8D%E0%A4%9F/dp/B07JC2MWRQ?dchild=1,https://m.media-amazon.com/images/I/61acssVtRdL._AC_UL320_.jpg
42,hotfits,299,https://www.amazon.in/Hotfits-Cotton-Sleeveless-T-Shir-Black_Large/dp/B077QV8B6N?dchild=1,https://m.media-amazon.com/images/I/51oGcOHb1QL._AC_UL320_.jpg
43,Pro Gym,431,https://www.amazon.in/Pro-Gym-Stretchable-T-Shirt-Gymming/dp/B07TQ8C1BC?dchild=1,https://m.media-amazon.com/images/I/51oRv6R40xL._AC_UL320_.jpg
44,RV Creations,799,https://www.amazon.in/RV-Creations-Regular-Polos-POLO-T-SHIRT_Multicolored_X-Large/dp/B082FLB1PQ?dchild=1,https://m.media-amazon.com/images/I/61trjq5idML._AC_UL320_.jpg
45,United Colors of Benetton,"1,599",https://www.amazon.in/United-Colors-Benetton-Regular-19A3089J0015I_901_L_White_L/dp/B07QLX945K?dchild=1,https://m.media-amazon.com/images/I/717H3vN2bSL._AC_UL320_.jpg
46,Elaborado,"1,199",https://www.amazon.in/Elaborado-Mens-Cotton-Sleeve-Eotr1062Ip3_Purple_Large/dp/B0155JA99W?dchild=1,https://m.media-amazon.com/images/I/61QKp-2sxJL._AC_UL320_.jpg
47,KIPA,65,https://www.amazon.in/KIPA-Sleeveless-T-Shirt-XL-Blue/dp/B089DLRKJR?dchild=1,https://m.media-amazon.com/images/I/617P3CK-NoL._AC_UL320_.jpg
,Name,Price,Product Link,Image
0,Duke,805,https://www.amazon.in/Duke-Stardust-Cotton-Blend-SDVP12Q_Shale_L/dp/B071HF65Q7?dchild=1,https://m.media-amazon.com/images/I/71rH-XgtUVL._AC_UL320_.jpg
1,BULLMER,698,https://www.amazon.in/BULLMER-Cotton-Printed-T-shirt-Multicolour/dp/B0892TWZZC?dchild=1,https://m.media-amazon.com/images/I/71Zrgz4PvYL._AC_UL320_.jpg
2,Amazon Brand - Symbol,259,https://www.amazon.in/Amazon-Brand-Regular-T-Shirt-SS19MNTEE10-4_Multicolor_Large/dp/B07PB1HYVJ?dchild=1,https://m.media-amazon.com/images/I/819lkj-6WyL._AC_UL320_.jpg
3,Spunk by FBB,399,https://www.amazon.in/Spunk-FBB-Raglan-Sleeves-T-Shirt/dp/B07WHCX4B6?dchild=1,https://m.media-amazon.com/images/I/71cTvT9DagL._AC_UL320_.jpg
4,Arrow Sports,639,https://www.amazon.in/Arrow-Sports-Striped-Regular-ASXTS3391_Blue_Medium/dp/B07L8LFSD8?dchild=1,https://m.media-amazon.com/images/I/81sTsM4Yy0L._AC_UL320_.jpg
5,Puma,824,https://www.amazon.in/Puma-Cricket-Graphic-Indigo-Bunting/dp/B07RMJK36F?dchild=1,https://m.media-amazon.com/images/I/81qDejJmwrL._AC_UL320_.jpg
6,fanideaz,679,https://www.amazon.in/fanideaz-Mens-Denim-Collar-Tshirt_Navy_XL/dp/B07Y5355S9?dchild=1,https://m.media-amazon.com/images/I/81TmgMZKf6L._AC_UL320_.jpg
7,Adidas,959,https://www.amazon.in/Adidas-Solid-Regular-T-Shirt-DV3084_Black_M/dp/B07T1TDG7N?dchild=1,https://m.media-amazon.com/images/I/71jIO+7MpbL._AC_UL320_.jpg
8,Reebok,699,https://www.amazon.in/Reebok-Regular-T-Shirt-FQ4660_M_Collegiate-Medium/dp/B082QHMDSX?dchild=1,https://m.media-amazon.com/images/I/9199lrtUMUL._AC_UL320_.jpg
9,hotfits,499,https://www.amazon.in/hotfits-Multicolor-Sleeveless-Tshirt-Play-Never-L/dp/B07VY1R8CF?dchild=1,https://m.media-amazon.com/images/I/71nkdY8NcIL._AC_UL320_.jpg
10,CHKOKKO,479,https://www.amazon.in/CHKOKKO-Cotton-Sleeves-Casual-Collar/dp/B07N88HFHC?dchild=1,https://m.media-amazon.com/images/I/61HB6Lfax5L._AC_UL320_.jpg
11,Amazon Brand - Inkast Denim Co.,389,https://www.amazon.in/Amazon-%E0%A4%AC%E0%A5%8D%E0%A4%B0%E0%A4%BE%E0%A4%82%E0%A4%A1-Inkast-Denim-%E0%A4%AA%E0%A5%81%E0%A4%B0%E0%A5%81%E0%A4%B7%E0%A5%8B%E0%A4%82/dp/B07LBRG6T9?dchild=1,https://m.media-amazon.com/images/I/91TUreXLoaL._AC_UL320_.jpg
12,Fenoix,399,https://www.amazon.in/Fenoix-Cotton-T-Shirt-Round-White-Medium/dp/B07L1MTN1W?dchild=1,https://m.media-amazon.com/images/I/81wvL8BKanL._AC_UL320_.jpg
13,United Colors of Benetton,809,https://www.amazon.in/United-Colors-Benetton-Printed-18P3096M3511I_Grey_M/dp/B078Y2QYWF?dchild=1,https://m.media-amazon.com/images/I/91vIcn+LtHL._AC_UL320_.jpg
14,Fusefit,363,https://www.amazon.in/Fusefit-Sports-T-Shirt-FFA-MT011-02_Anthra-Melange_Large/dp/B07TCJ6W75?dchild=1,https://m.media-amazon.com/images/I/81FggAihHdL._AC_UL320_.jpg
15,SKYBEN,169,https://www.amazon.in/SKYBEN-Hooded-Sleeves-Shirt-Light/dp/B086HTWHVF?dchild=1,https://m.media-amazon.com/images/I/81SiQWqcGaL._AC_UL320_.jpg
16,Maniac,320,https://www.amazon.in/Maniac-Mens-Plain-T-Shirt-ML-MENS-SS17-FS-RNCK-TUCKS-NAVY_Large/dp/B06Y469LVX?dchild=1,https://m.media-amazon.com/images/I/71U6e1C5JqL._AC_UL320_.jpg
17,hotfits,499,https://www.amazon.in/Hotfits-Cotton-Sleeveless-T-Shirt-Multicolour/dp/B0784K48HW?dchild=1,https://m.media-amazon.com/images/I/61xEyf2SvbL._AC_UL320_.jpg
18,Byford By Pantaloons,309,https://www.amazon.in/Byford-Pantaloons-Striped-T-Shirt-110058803_Rust/dp/B083KRXC24?dchild=1,https://m.media-amazon.com/images/I/81gM23027bL._AC_UL320_.jpg
19,DJ & C,199,https://www.amazon.in/DJ-FBB-Graphic-T-Shirt-Red/dp/B083SLPSG3?dchild=1,https://m.media-amazon.com/images/I/71IPpH5KpmL._AC_UL320_.jpg
20,Buffalo,399,https://www.amazon.in/Buffalo-Injected-Slub-Henley-T-Shirt/dp/B083768CT5?dchild=1,https://m.media-amazon.com/images/I/71+6U-xrwqL._AC_UL320_.jpg
21,Duke,805,https://www.amazon.in/Duke-Stardust-Cotton-Blend-SDVP10Q_Flame_XL/dp/B06Y1M75LH?dchild=1,https://m.media-amazon.com/images/I/914QEwwYhAL._AC_UL320_.jpg
22,Max,299,https://www.amazon.in/Max-Regular-T-Shirt-STCLHSPA19020_-White_/dp/B07WK7GT8P?dchild=1,https://m.media-amazon.com/images/I/71hXyjNTk5L._AC_UL320_.jpg
23,US Polo Association,"1,119",https://www.amazon.in/US-Polo-Association-T-Shirt-USTS6169_Orange/dp/B07VQ6RZ3D?dchild=1,https://m.media-amazon.com/images/I/81TU+J5cbGL._AC_UL320_.jpg
24,US Polo Association,899,https://www.amazon.in/US-Polo-Association-Regular-USTS5755_Blue_M/dp/B078G9TCHT?dchild=1,https://m.media-amazon.com/images/I/818wcJ5fJdL._AC_UL320_.jpg
25,Levi's,799,https://www.amazon.in/Levis-Plain-Regular-T-Shirt-17076-0042_Green_M/dp/B07SNLLBDP?dchild=1,https://m.media-amazon.com/images/I/81-EUTb-HXL._AC_UL320_.jpg
26,United Colors of Benetton,839,https://www.amazon.in/United-Colors-Benetton-Regular-19A3069J0003I_52S_XL_Cobalt/dp/B07QKHJR84?dchild=1,https://m.media-amazon.com/images/I/81pIciKozkL._AC_UL320_.jpg
27,Broyz,199,https://www.amazon.in/Broyz-Marsmellow-Round-Sleeveless-T-Shirt/dp/B07WK3HDYG?dchild=1,https://m.media-amazon.com/images/I/41nm8CoxezL._AC_UL320_.jpg
28,US Polo Association,693,https://www.amazon.in/US-Polo-Association-UDTS0531_Olive-Melange_M/dp/B07TMGK836?dchild=1,https://m.media-amazon.com/images/I/813+bSjROcL._AC_UL320_.jpg
29,US Polo Association,849,https://www.amazon.in/US-Polo-Mens-8907378329752_USTS5232_USPA-Blue_Large/dp/B01HZS9EAG?dchild=1,https://m.media-amazon.com/images/I/81jgGNLWu8L._AC_UL320_.jpg
30,Maniac,419,https://www.amazon.in/Maniac-T-Shirt-MEN-FW18-HOOD-FS-WHITE-BLACK-RED-3XL_White-Black-Red_XXX-Large/dp/B084G542M6?dchild=1,https://m.media-amazon.com/images/I/61E9LRqgt9L._AC_UL320_.jpg
31,CHKOKKO,254,https://www.amazon.in/CHKOKKO-Active-Regular-Stretchable-Tshirts/dp/B07XJ47J84?dchild=1,https://m.media-amazon.com/images/I/613wL9TFp6L._AC_UL320_.jpg
32,Tfortees,284,https://www.amazon.in/Tfortees-Cotton-Sleeve-Printed-Tshirt/dp/B08437Y617?dchild=1,https://m.media-amazon.com/images/I/61S1yKLtSaL._AC_UL320_.jpg
33,DEXTER,350,https://www.amazon.in/DEXTER-Cotton-Sleeve-T-Shirt-Medium/dp/B07S5QGY5D?dchild=1,https://m.media-amazon.com/images/I/51vfR76DkTL._AC_UL320_.jpg
34,EYEBOGLER,449,https://www.amazon.in/EYEBOGLER-Regular-T-Shirt-L-T91-OMBL-Melange-Black/dp/B07RS3WNZ9?dchild=1,https://m.media-amazon.com/images/I/41o-kaE04DL._AC_UL320_.jpg
35,Amazon Brand - Symbol,599,https://www.amazon.in/Amazon-Brand-Regular-T-Shirt-AW19TEE29_Wine/dp/B07XF66RSW?dchild=1,https://m.media-amazon.com/images/I/818ws0zU9UL._AC_UL320_.jpg
36,Arrow Sports,639,https://www.amazon.in/Arrow-Sports-Printed-Regular-ASWTS3361_Blue_L/dp/B07F5NK1ML?dchild=1,https://m.media-amazon.com/images/I/71FJti6CZNL._AC_UL320_.jpg
37,Amazon Brand - Symbol,399,https://www.amazon.in/Amazon-Brand-Symbol-T-Shirt-AW17PLPO2V5_M_Multicolor5/dp/B073X4WZTR?dchild=1,https://m.media-amazon.com/images/I/81QPiRI8xNL._AC_UL320_.jpg
38,Amazon Brand - Symbol,879,https://www.amazon.in/Symbol-Mens-Solid-Regular-ESSPOPO3_Multicolor-10_M/dp/B07SK7RZF3?dchild=1,https://m.media-amazon.com/images/I/81ltXVyhERL._AC_UL320_.jpg
39,GameReserves,549,https://www.amazon.in/GameReserves-Unisex-Indian-T-Shirt-Tshirts/dp/B07PRMN7TR?dchild=1,https://m.media-amazon.com/images/I/51yn4J9R4xL._AC_UL320_.jpg
40,CHKOKKO,548,https://www.amazon.in/CHKOKKO-Regular-Sleeves-T-Shirt-BLUEMELANGE/dp/B082GBXNPM?dchild=1,https://m.media-amazon.com/images/I/714LN7oGpbL._AC_UL320_.jpg
41,Nike,849,https://www.amazon.in/Nike-Solid-Regular-T-Shirt-BV7962-325_/dp/B07TMVJ3JT?dchild=1,https://m.media-amazon.com/images/I/51SUzINr04L._AC_UL320_.jpg
42,innovative edge,459,https://www.amazon.in/innovative-edge-Regular-Sleeve-T-Shirt/dp/B08C2WBJJH?dchild=1,https://m.media-amazon.com/images/I/6197S5vPWLL._AC_UL320_.jpg
43,EASY BUY,152,https://www.amazon.in/EASY-BUY-T-Shirt-NS20AV01MT_-Black/dp/B08C8C9GXL?dchild=1,https://m.media-amazon.com/images/I/71K6593qbLL._AC_UL320_.jpg
44,US Polo Association,899,https://www.amazon.in/US-Polo-Association-UDTS0537_Beet-Grinle_L/dp/B07THKZ98V?dchild=1,https://m.media-amazon.com/images/I/91nACRc8qeL._AC_UL320_.jpg
45,Max,359,https://www.amazon.in/Max-Striped-Regular-T-Shirt-CATWI1972KTY_Cream/dp/B07XDBBDRG?dchild=1,https://m.media-amazon.com/images/I/816lag1vslL._AC_UL320_.jpg
46,KGB,499,https://www.amazon.in/KGB-Mens-Regular-Polos-kgb_ep_XL_S_Black_X-Large/dp/B084YTY933?dchild=1,https://m.media-amazon.com/images/I/615ArNcj2wL._AC_UL320_.jpg
47,Amazon Brand - Symactive,399,https://www.amazon.in/Amazon-Brand-Symactive-Regular-AW19-SATV-17_White-Black_Large/dp/B07VRWCZ9C?dchild=1,https://m.media-amazon.com/images/I/71b6uBRSSjL._AC_UL320_.jpg
,Name,Price,Product Link,Image
0,Buffalo,319,https://www.amazon.in/Buffalo-Turtle-Neck-T-Shirt-Navy/dp/B08376N4GF?dchild=1,https://m.media-amazon.com/images/I/71REcW4ETmL._AC_UL320_.jpg
1,Amazon Brand - Symbol,469,https://www.amazon.in/Amazon-Brand-Regular-T-Shirt-SS19MNTEE11-2_Multicolor_Large/dp/B07P7R5SG2?dchild=1,https://m.media-amazon.com/images/I/81F5NIIxqUL._AC_UL320_.jpg
2,Leotude,199,https://www.amazon.in/Leotude-Mens-Cotton-Sleeveless-T-Shirt/dp/B07Z7PSRB9?dchild=1,https://m.media-amazon.com/images/I/61lcbPCvhqL._AC_UL320_.jpg
3,Levi's,917,https://www.amazon.in/Levis-Printed-Regular-T-Shirt-86290-0001_Blue/dp/B082QFWX29?dchild=1,https://m.media-amazon.com/images/I/81K0PBHm8mL._AC_UL320_.jpg
4,NBOD,168,https://www.amazon.in/NBOD-Full-Sleeve-T-Shirt-Grey/dp/B07WYTJZ7G?dchild=1,https://m.media-amazon.com/images/I/81JTaZpTXkL._AC_UL320_.jpg
5,US Polo Association,499,https://www.amazon.in/U-S-Polo-Assn-I638-003-PL_Grey-Melange_Medium/dp/B0793NHJZL?dchild=1,https://m.media-amazon.com/images/I/812GcQy8r1L._AC_UL320_.jpg
6,DigiProw,,https://www.amazon.in/DigiProw-Printed-T-Shirt-T-shirt-PUBG-3-_White_/dp/B07NQ6Q5VF?dchild=1,https://m.media-amazon.com/images/I/61-mYdJ5HJL._AC_UL320_.jpg
7,uniq,379,https://www.amazon.in/uniq-Juventus-Football-Jersey-Medium/dp/B085TLT7R3?dchild=1,https://m.media-amazon.com/images/I/61FkCz7W0UL._AC_UL320_.jpg
8,Baremoda,999,https://www.amazon.in/Baremoda-Shirt-Maroon-Green-Medium/dp/B01MY3IX55?dchild=1,https://m.media-amazon.com/images/I/71u2uvyLmIL._AC_UL320_.jpg
9,CHKOKKO,548,https://www.amazon.in/CHKOKKO-Cotton-Sleeves-Plain-Maroon/dp/B07YY77SL5?dchild=1,https://m.media-amazon.com/images/I/61sLRRjeIpL._AC_UL320_.jpg
10,Jockey,949,https://www.amazon.in/Jockey-Regular-Cotton-US93_Navy-Red_XX-Large/dp/B0768LLGMJ?dchild=1,https://m.media-amazon.com/images/I/619xEXV0cIL._AC_UL320_.jpg
11,US Polo Association,499,https://www.amazon.in/U-S-Polo-Assn-Regular-I633-001-PL_White_Small/dp/B0793K7DMG?dchild=1,https://m.media-amazon.com/images/I/814qtDhF22L._AC_UL320_.jpg
12,Cazibe,649,https://www.amazon.in/Cazibe-Regular-T-Shirt-CZ11103_Sky-S-Green/dp/B083V2V5R2?dchild=1,https://m.media-amazon.com/images/I/71x7o4vi1rL._AC_UL320_.jpg
13,Presto,299,https://www.amazon.in/Presto-Personalized-Polyester-Dri-fit-T-Shirt/dp/B07QVGQ4PZ?dchild=1,https://m.media-amazon.com/images/I/41pQB+ScQmL._AC_UL320_.jpg
14,US Polo Association,"1,019",https://www.amazon.in/US-Polo-Association-T-Shirt-USTS5996_Daphne_X-Large/dp/B07L6YL92B?dchild=1,https://m.media-amazon.com/images/I/91JxQUYOANL._AC_UL320_.jpg
15,US Polo Association,934,https://www.amazon.in/US-Polo-Association-T-Shirt-USTS5958_Daffodil_Medium/dp/B07L6P67LF?dchild=1,https://m.media-amazon.com/images/I/81uMe67IQ8L._AC_UL320_.jpg
16,Puma,844,https://www.amazon.in/Puma-Mens-Solid-Regular-85176206_Peacoat_Large/dp/B07F6KZK1D?dchild=1,https://m.media-amazon.com/images/I/71Rhoc16wtL._AC_UL320_.jpg
17,Amazon Brand - Symbol,219,https://www.amazon.in/Amazon-Brand-Regular-T-Shirt-SS20SYMTEE33-F_Yellow/dp/B081VM6FSK?dchild=1,https://m.media-amazon.com/images/I/71Y6SUSryYL._AC_UL320_.jpg
18,AMERICAN CREW,599,https://www.amazon.in/AMERICAN-CREW-Applique-Melange-T-Shirt/dp/B01MS099JN?dchild=1,https://m.media-amazon.com/images/I/61N0n2XhtHL._AC_UL320_.jpg
19,TSX,249,https://www.amazon.in/TSX-Mens-Cotton-Sleeve-T-Shirt/dp/B07K57W5DF?dchild=1,https://m.media-amazon.com/images/I/71JlktQmg8L._AC_UL320_.jpg
20,Adidas,965,https://www.amazon.in/Adidas-Classic-3-Stripes-Medium-Scarlet/dp/B07XQ9BPXS?dchild=1,https://m.media-amazon.com/images/I/51ftwW68PLL._AC_UL320_.jpg
21,Jockey,699,https://www.amazon.in/Jockey-Regular-T-Shirt-US82_Red-Melange_Medium/dp/B0078J9JGC?dchild=1,https://m.media-amazon.com/images/I/613E6A8QotL._AC_UL320_.jpg
22,pluss,704,https://www.amazon.in/pluss-Striped-Regular-T-Shirt-MTSHS5707-PEACOATSTP_Blue_5XL/dp/B07VGF3GZV?dchild=1,https://m.media-amazon.com/images/I/71EA7Z1-PoL._AC_UL320_.jpg
23,US Polo Association,"1,139",https://www.amazon.in/US-Polo-Association-Regular-USTS6275_White/dp/B0846DZXTX?dchild=1,https://m.media-amazon.com/images/I/81nZRcbbnxL._AC_UL320_.jpg
24,United Colors of Benetton,700,https://www.amazon.in/United-Colors-Benetton-Striped-19A3STRJ0009I_A22_XL_Dark/dp/B07QT27SG3?dchild=1,https://m.media-amazon.com/images/I/812UvXcoH-L._AC_UL320_.jpg
25,Max,224,https://www.amazon.in/Max-Mens-Striped-T-Shirt-CATWI1844KTY_Black_L/dp/B07VHXPVJ2?dchild=1,https://m.media-amazon.com/images/I/716KWqwA6WL._AC_UL320_.jpg
26,Deniklo,447,https://www.amazon.in/Deniklo-Striped-Regular-DK45-L_Blue-Melange_L/dp/B07TFRQGW6?dchild=1,https://m.media-amazon.com/images/I/812tg2Br8pL._AC_UL320_.jpg
27,ADRO,499,https://www.amazon.in/ADRO-Sleeve-Regular-T-Shirt-FS-J-AOP05-MU-XL_Mustard_X-Large/dp/B084L21NL5?dchild=1,https://m.media-amazon.com/images/I/61cJT-VF-yL._AC_UL320_.jpg
28,Amazon Brand - House & Shields,519,https://www.amazon.in/Amazon-Brand-Shields-Striped-AW19-HSK-51_White-Mineral/dp/B07TXG81SK?dchild=1,https://m.media-amazon.com/images/I/81BGN3HsLfL._AC_UL320_.jpg
29,Duke,778,https://www.amazon.in/Duke-Stardust-T-Shirt-Mysterioso-X-Large/dp/B01MSHTB17?dchild=1,https://m.media-amazon.com/images/I/71Fo7rdaP6L._AC_UL320_.jpg
30,Allen Solly,674,https://www.amazon.in/Allen-Solly-Regular-T-Shirt-ASKWWRGFM77138_Grey_2XL/dp/B07VF556Z5?dchild=1,https://m.media-amazon.com/images/I/61SuKRaBxIL._AC_UL320_.jpg
31,Amazon Brand - Symbol,399,https://www.amazon.in/Amazon-Brand-Regular-SS18PLPO2-14_Multi-14_X-Large/dp/B0779BD5JZ?dchild=1,https://m.media-amazon.com/images/I/91T8el8dFmL._AC_UL320_.jpg
32,Amazon Brand - Symbol,739,https://www.amazon.in/Amazon-Brand-Regular-SYPLPC-PO2-D_Mid-Green_L/dp/B081CW4W2X?dchild=1,https://m.media-amazon.com/images/I/91i9YWLHclL._AC_UL320_.jpg
33,Flying Machine,696,https://www.amazon.in/Flying-Machine-Printed-FMTS8312_Navy_M-HS/dp/B07MH5LK9D?dchild=1,https://m.media-amazon.com/images/I/916-Y5M2b+L._AC_UL320_.jpg
34,Campus Sutra,549,https://www.amazon.in/Campus-Sutra-Jersey-T-Shirt-AZ118CSJ_JRSUB_M_PLN_WHBU_AZ_L/dp/B07BFCYD2Q?dchild=1,https://m.media-amazon.com/images/I/71eMNwZH3lL._AC_UL320_.jpg
35,Levi's,469,https://www.amazon.in/Levis-Plain-Regular-T-Shirt-PR683513_Grey/dp/B07XHKNL8L?dchild=1,https://m.media-amazon.com/images/I/61KD2uMyPtL._AC_UL320_.jpg
36,Amazon Brand - House & Shields,439,https://www.amazon.in/Amazon-Brand-Shields-Regular-AW19-HSK-02_White_L/dp/B07TYH9ZGF?dchild=1,https://m.media-amazon.com/images/I/819RkPtrwtL._AC_UL320_.jpg
37,US Polo Association,498,https://www.amazon.in/U-S-Polo-Assn-I633-031-PL_Anthra-Melange_Medium/dp/B0793HSKWL?dchild=1,https://m.media-amazon.com/images/I/91KFXejdjsL._AC_UL320_.jpg
38,Amazon Brand - Inkast Denim Co.,243,https://www.amazon.in/Amazon-Brand-Inkast-T-Shirt-AZ-TS-03B_Black_Large/dp/B07LBGZ86X?dchild=1,https://m.media-amazon.com/images/I/71PrbXdaH+L._AC_UL320_.jpg
39,Elements by Peter England,539,https://www.amazon.in/England-%E0%A4%A6%E0%A5%8D%E0%A4%B5%E0%A4%BE%E0%A4%B0%E0%A4%BE-%E0%A4%8F%E0%A4%B2%E0%A4%BF%E0%A4%AE%E0%A5%87%E0%A4%82%E0%A4%9F-%E0%A4%AA%E0%A5%81%E0%A4%B0%E0%A5%81%E0%A4%B7%E0%A5%8B%E0%A4%82-%E0%A4%9F%E0%A5%80-%E0%A4%B6%E0%A4%B0%E0%A5%8D%E0%A4%9F/dp/B083QW4JG2?dchild=1,https://m.media-amazon.com/images/I/81kH4vZnSFL._AC_UL320_.jpg
40,ABOF,349,https://www.amazon.in/ABOF-Mens-Solid-BOA19AMCWPO4016112_Charcoal-Melange_XXL/dp/B07RPNSH38?dchild=1,https://m.media-amazon.com/images/I/81r7Ir2TKgL._AC_UL320_.jpg
41,Amazon Brand - Inkast Denim Co.,238,https://www.amazon.in/Amazon-Brand-Regular-T-Shirt-A006_Vintage/dp/B08448BMGR?dchild=1,https://m.media-amazon.com/images/I/81BsiUJB9sL._AC_UL320_.jpg
42,Elements by Peter England,539,https://www.amazon.in/Elements-Peter-England-Regular-PAKPCSGB675452_/dp/B083QW4XVD?dchild=1,https://m.media-amazon.com/images/I/81PUc2XS0dL._AC_UL320_.jpg
43,United Colors of Benetton,541,https://www.amazon.in/United-Colors-Benetton-Regular-19A3STRJ3011I_B50_L_Biking/dp/B07QT2TNW5?dchild=1,https://m.media-amazon.com/images/I/810NZxatmRL._AC_UL320_.jpg
44,US Polo Association,799,https://www.amazon.in/US-Polo-Association-Striped-I689-010-ST-L_Lt-Grey/dp/B0819ZVBD9?dchild=1,https://m.media-amazon.com/images/I/61i04hOj0-L._AC_UL320_.jpg
45,Mastersprice,299,https://www.amazon.in/Mastersprice-Striped-Cotton-Tshirt-Black/dp/B07ZH9GFD9?dchild=1,https://m.media-amazon.com/images/I/71XSKTBCsTL._AC_UL320_.jpg
46,Amazon Brand - Symbol,469,https://www.amazon.in/Amazon-Brand-Regular-T-Shirt-SS20SYMTEE37-D_Multi-CLR/dp/B081VMDCDN?dchild=1,https://m.media-amazon.com/images/I/81hOc13VBcL._AC_UL320_.jpg
47,CHKOKKO,399,https://www.amazon.in/CHKOKKO-Sleeve-Cotton-Regular-Mustard/dp/B07VNG98ZX?dchild=1,https://m.media-amazon.com/images/I/71FMvZmi7QL._AC_UL320_.jpg
